<?xml version="1.0" encoding="utf-8"?>
<contentList>
  <content contentuid="h38acd02eg802eg4993g839cg5b02a0e776d6" version="1">死亡骑士</content>
  <content contentuid="h47be9a2bg41d9g4efeg8d2cg79c7c65e58f7" version="1">死亡骑士的双眼见证过万千种暴行，胆敢注视这些眼睛的敌人将感觉温暖被抽离了他们的身体，取而代之的是钢铁般的冰冷。霜冻锐化了他们的攻击，鲜血增强了他们的体魄，不死之身让他们在激烈的战斗中迸发出邪恶怒气。</content>


  <content contentuid="hed8d0063g01ceg489fg980ag0c71854a29f4" version="1">鲜血</content> 
  <content contentuid="h935bf9ddg6c1eg4cb0gb1f5gb23f0cbe5a37" version="1">黑暗的守护者，控制和腐蚀生命能量来抵御攻击。</content> 
  <content contentuid="h7ae2f407ge2a6g4505g88e4g185a6c93e672" version="1">冰霜</content>
  <content contentuid="h172b532cgc193g406fg92adg3e8366b73456" version="1">冰冻末日的使者，引导符文能量，用武器猛攻敌人。</content>  
  <content contentuid="hd469c347g283eg4cc2ga616g4f695f1e736e" version="1">邪恶</content> 
  <content contentuid="h098b66b1g1eb9g4629ga8e9g73c81c572498" version="1">枯萎与凋零的主宰，能够散播疫病，召唤不死仆从。</content> 

  <content contentuid="hdc41e8acg2886g4e5dg97bag69c9bfa0688f" version="1">鲜血符文</content>
  <content contentuid="h2c657a02gc100g4268gb6ffgaa4cf355972f" version="1">冰霜符文</content>
  <content contentuid="h98494f64g6d68g428cgbc9age4220ad106b1" version="1">邪恶符文</content>
  <content contentuid="h582b8572gee0fg452eg8a88g7d5c0dfe1b4f" version="1">死亡骑士释放大部分技能时需要消耗符文，且有多种手段在战斗中恢复它们。</content>
  <content contentuid="hc72b2413gdefcg41eeg8d3cgec4289600fbb" version="1">符文能量</content>
  <content contentuid="h654b203fg6e75g4a34g95c4gb406ba5e9b88" version="1">符文能量可用于释放特定死亡骑士的技能。死亡骑士的武器攻击有15%的基础概率生成20点符文能量，这个效果可被其他被动影响。</content>


  <content contentuid="h4511b6c3g53fdg4dd6g9b35g093e974c4f07" version="1">鲜血符文: 1</content>
  <content contentuid="h40119256g5387g402ag86adgb28403d35c1b" version="1">冰霜符文: 1</content>
  <content contentuid="h2490ef9bgd26fg4605g9855g7bce2a3078d2" version="1">邪恶符文: 1</content>
  <content contentuid="hf2f0ccc0ge70eg4220gb5e8g987470389ebb" version="1">你获得了一枚死亡骑士符文，可用于引导特定能力。</content>
  <content contentuid="h3a255f33ga7dbg4f5cg8fa6gf4b0a0269ee5" version="1">符文能量: [1]</content>
  <content contentuid="h4cebb421gc469g46f2gb450g38fc543969b3" version="1">你的武器被灌注了符文能量，可用于释放死亡骑士的力量。</content>
  <content contentuid="hc61a2678g9f49g484eg80b9g79c48c0c15dd" version="1">天灾使者</content>
  <content contentuid="ha4a55b39g25d7g4394gb29ag4db43fa16345" version="1">你对所有疾病免疫。</content>

  <content contentuid="h5491d5a4gb718g4111ga06bgaf0e410336ad" version="1">获取目标不死生物的控制权，该生物将跟随你战斗并受你指挥。</content>
  <content contentuid="h33bd4dbeg3e49g4592g90e2gdbafbcc29cc1" version="1">凋零缠绕</content>
  <content contentuid="hb2d53718gccf1g49c2ga9dcgf9dcfea0a73f" version="1">对目标施放邪恶的能量冲击，对一名敌人造成[1]，或为一名亡灵盟友恢复[2]。
  
邪恶专精下释放凋零缠绕有[3]的几率恢复一个邪恶符文。</content>
  <content contentuid="h628f49b7g8380g40a9g95fcg8e25d9994e1e" version="1">死亡之握</content>
  <content contentuid="h6fec1e8dg4371g40d7gae4bgc82cc74062c5" version="1">运用笼罩万物的能量，将目标拉向你并使其&lt;LSTag Type="Status" Tooltip="STUNNED"&gt;眩晕&lt;/LSTag&gt;1回合。</content>
  <content contentuid="hd3ea1415g7473g4443gbf51gccf6b071c1b1" version="1">亡者复生</content>
  <content contentuid="h060d623dg899eg4f30g915agc0ddb393a2a7" version="1">召唤一只食尸鬼为你作战，你一次最多只能召唤一只食尸鬼。</content>
  <content contentuid="hf5e80ff3ge3a7g4dbdgbbefg6ff8a5fb3144" version="1">天灾契约</content>
  <content contentuid="hc08cc57bged78g46ebg8fc5g20aa232e4756" version="1">制造死亡契约，牺牲一个亡灵随从并为你恢复[1]最大生命值。</content>
  <content contentuid="h70a0fc8bge807g4f26ga80ag2e576372f884" version="1">寒冰锁链</content>
  <content contentuid="he9c580c0g6c0dg4e4bgb724g95a6971cd3b4" version="1">使用冰冷的锁链束缚目标，使其移动速度降低[1],并施加2回合的&lt;LSTag Type="Status" Tooltip="CHILLED"&gt;冻僵&lt;/LSTag&gt;。 </content>
  <content contentuid="h0a9a6ec3g3c58g4765gb777gcad5576758fd" version="1">移动速度降低[1]. </content>
  <content contentuid="h943ad774g508dg43edgba40g9122790e7b8e" version="1">反魔法护罩</content>
  <content contentuid="h19a1aad0gcc22g4cd9ga8f9g50d900250bce" version="1">用反魔法护盾将你包围，吸收50%魔法伤害。 每次吸收伤害将产生[1]点符文能量。持续[2]回合。 </content>
  <content contentuid="h251a1707gb6beg46efg9793g8dd9da0650a2" version="1">吸收50%魔法伤害。 每次吸收伤害将产生[1]点符文能量。持续[2]回合。 </content>
  <content contentuid="h3690a0d2g0321g4a50g8a16g2f8445b75446" version="1">心灵冰冻</content>
  <content contentuid="hbb9952ecg6301g4be6g97e2g8dca58dc6eda" version="1">以极寒的能量攻击目标的心智，并使目标在[1]回合内无法施法。 </content>
  <content contentuid="hd87649ffg38bcg44f4ga695gc7799f146182" version="1">目标已被沉默。 </content>
  <content contentuid="h8052db13g8abbg4755gb435g3dad93e3bf4b" version="1">符文分流</content>
  <content contentuid="hbfce4365gc52bg4027g852dgf13c15f9591e" version="1">立即将[1]的最大生命值转换为[2]点符文能量。</content>
  <content contentuid="h29af5c3egdbabg4c88gb85ag9348ae60a86c" version="1">复活盟友</content>
  <content contentuid="h02c0683bg500dg427aga442g39a4720fd2e1" version="1">将黑暗的能量注入一个已死的目标体内，重聚其灵魂和肉体，使其以[1]的生命值重新投入战斗。</content>
  <content contentuid="h858b38d5g4432g441cg9e35g192fe578b2d9" version="1">死亡脚步</content>
  <content contentuid="h863a9a1dg65dbg492bgb755g7d3091152e80" version="1">汲取暗影界的力量，并传送至目标位置。</content>
  <content contentuid="heaf2fccdg6787g4dbegbf5dg9ee53bb24a74" version="1">枯萎凋零</content>
  <content contentuid="h0388974egc388g4c5eg9196g7144f4e042e4" version="1">腐蚀目标地面，使范围内所有敌方目标减速，并在10回合内每回合造成[1]最大生命的伤害。</content>
  <content contentuid="h0e006184g8cbcg43afga35agb191845a425d" version="1">寒冬号角</content>
  <content contentuid="h6cc29529g21acg47ddg80e2g8f275acf0c37" version="1">死亡骑士吹响寒冬号角，使周围半径12m范围内的友方成员的力量和敏捷提高[1]点。持续10回合。</content>
  <content contentuid="h78fbe96eg0517g4addg9d42gfe1516d0810a" version="1">力量和敏捷提高[1]点。</content>
  
  <content contentuid="h697b11cfg67f4g4197g90b4g95685af75722" version="1">血之疫病</content>
  <content contentuid="he441fd08gca3fg4373g9369gc075eebcb9be" version="1">每回合从目标身上吸取 [1]点生命，并使目标变得狂热，更倾向于攻击你。</content>
  <content contentuid="h264dea53g23f5g4efegb887gb36b69a9b757" version="1">冰霜疫病</content>
  <content contentuid="h445d7ef8g7549g4d39g9a69g02680d56e1f4" version="1">每回合造成[1]并减少目标的[2]移动速度。</content>
  <content contentuid="ha07ec982g9593g4760g9e26gec5dc722075a" version="1">恶性瘟疫</content>
  <content contentuid="h42094ecag234bg4952g8a9fg965c6d61a9d5" version="1">每回合造成[1]。当被感染的目标死亡时疾病会爆发出来，传染给附近的敌人。</content>
  <content contentuid="h6398213dg9b66g49b4gaa5ag0de6481886a2" version="1">溃烂之伤</content>
  <content contentuid="h9584256egc030g4ae0g9303gff936f2ee3a7" version="1">一道脓疱伤口，会在被特定技能效果击中时爆发，造成[1],并产生[2]点符文能量。被感染的目标死亡时会爆发并造成[3]AOE伤害。最多叠加6层。</content>

  <content contentuid="hf7103d1ag6b16g4b66ga205ga4b8e3e774d9" version="1">精通：冰冷之心</content>
  <content contentuid="hc7e9e930g176ag4796ga262g742d4dbe8043" version="1">当攻击受&lt;LSTag Type="Status" Tooltip="CHILLED"&gt;冻僵&lt;/LSTag&gt;影响的目标时，你的攻击获得[1]独立 &lt;LSTag Tooltip="CriticalHit"&gt;重击&lt;/LSTag&gt;概率。  
施加&lt;LSTag Type="Status" Tooltip="CHILLED"&gt;冻僵&lt;/LSTag&gt;效果时会同时施加2回合的&lt;LSTag Type="Status" Tooltip="DK_FrostFever"&gt;冰霜疫病&lt;/LSTag&gt;。</content>
  <content contentuid="h7ce94de9g4082g45b0gb557g9ea53b7e4c50" version="1">符文武器增效：冰霜</content>
  <content contentuid="h8992b629g9342g4fb9gb2b0ge10339eef1ee" version="1">强化你的符文武器，使你的近战武器攻击额外造成[1]。你的近战攻击回复符文能量效果的触发概率提升至[2]。</content>
  <content contentuid="hfb7a116ege6cdg41ecg9d7cg3b89d6eebeaf" version="1">杀戮机器</content>
  <content contentuid="h16f38c81g1cc1g4308ga57ag9f95d340d0d5" version="1">你的武器攻击有[1]的概率使你的下一次&lt;LSTag Type="Spell" Tooltip="Target_Obliterate"&gt;湮灭&lt;/LSTag&gt;必定造成重击并返还一枚冰霜符文，或下一次&lt;LSTag Type="Spell" Tooltip="Projectile_HowlingBlast"&gt;凛风冲击&lt;/LSTag&gt;无任何消耗。</content>
  <content contentuid="hadfd0007ga318g4bf4g82b9gd32d26e4303a" version="1">下一次&lt;LSTag Type="Spell" Tooltip="Target_Obliterate"&gt;湮灭&lt;/LSTag&gt;必定造成重击并返还一枚冰霜符文，或下一次&lt;LSTag Type="Spell" Tooltip="Projectile_HowlingBlast"&gt;凛风冲击&lt;/LSTag&gt;无任何消耗。</content>

  <content contentuid="he5065463g63bfg4e5bg9697gc710822c40b4" version="1">冰霜打击</content>
  <content contentuid="hcd1e572cgfa9eg46b1g83b9g17049f50c5e6" version="1">冰霜打击: 反应</content>
  <content contentuid="h993fb5a8g1529g4dd7gb1f6g3ed9211245c2" version="1">使用你的武器进行打击，并额外造成[1]。冰霜打击有[2]的概率恢复一枚冰霜符文，这个效果在&lt;LSTag Tooltip="CriticalHit"&gt;重击&lt;/LSTag&gt;时必定触发。</content>
  <content contentuid="hf6460724g4e81g42b6g8585g7053aef69df0" version="1">重击冰霜打击: 反应</content>
  <content contentuid="h509b8b08g2a98g44b8g8241ga5c3955c3a81" version="1">当你使用武器&lt;LSTag Tooltip="CriticalHit"&gt;重击&lt;/LSTag&gt;时,额外造成[1]并恢复一枚冰霜符文。</content>
  <content contentuid="h1c9ce109g8a51g49e6gb4bag07e6e240279e" version="1">湮灭</content>
  <content contentuid="hf5f565cdg0c4eg4cd3g88a9g9bb31cab4fca" version="1">用你双手的武器同时进行打击，每把武器造成[1]武器伤害和额外的[2]。
  
湮灭命中时将恢复[3]点符文能量，&lt;LSTag Tooltip="CriticalHit"&gt;重击&lt;/LSTag&gt;时该效果翻倍。</content>
  <content contentuid="hfbbedb73g8886g44bbg8282ge274ee157ba5" version="1">凛风冲击</content>
  <content contentuid="hf518f1a9g8890g481agbb26gff0ac93325bd" version="1">以刺骨的寒风冲击目标，对目标和周围敌人造成[1]和两回合的&lt;LSTag Type="Status" Tooltip="CHILLED"&gt;冻僵&lt;/LSTag&gt;效果。凛风冲击命中时将恢复你[2]点符文能量。</content>
  <content contentuid="h1ebb06c4g6fafg4d3dg8ed1g0cc964668b7d" version="1">凛风冲击: 反应</content>
  <content contentuid="h9ceedebcg7125g4bccga5deg00e09392cf35" version="1">以刺骨的寒风反制攻击你的目标，对目标和周围敌人造成[1]和两回合的&lt;LSTag Type="Status" Tooltip="CHILLED"&gt;冻僵&lt;/LSTag&gt;效果。凛风冲击命中时将恢复你[2]点符文能量。</content>
  <content contentuid="h5bb0d892gca84g4fd0g8dc7g97bcf9455c62" version="1">冰龙吐息</content>
  <content contentuid="h0a97c969g84a6g4ecfga3ebg4c25136c9b84" version="1">对前方扇形范围的所有目标造成[1]且施加2回合的&lt;LSTag Type="Status" Tooltip="CHILLED"&gt;冻僵&lt;/LSTag&gt;。你可以在本回合内再次释放冰霜巨龙之怒，直到你的符文能量耗尽。
  
释放结束后恢复2枚冰霜符文。</content>

  <content contentuid="h32085420g12ceg456ag9d67g56595a28e0be" version="1">精通：恐惧之刃</content>
  <content contentuid="h2a609fe8gb758g4e81gbee3ge36307ff62a8" version="1">亡者复生召唤的食尸鬼持续时间增加并且会随着你的等级成长。你的食尸鬼攻击时额外造成[1]且会散播&lt;LSTag Type="Status" Tooltip="DK_UnholyFever"&gt;恶性瘟疫&lt;/LSTag&gt;。

你和召唤的食尸鬼造成黯蚀伤害时有[2]概率施加一层&lt;LSTag Type="Status" Tooltip="DK_FesteringWound"&gt;溃烂之伤&lt;/LSTag&gt;。</content>
  <content contentuid="h45186395gedfag481cg8cb0gc5564fe78e57" version="1">符文武器增效：邪恶</content>
  <content contentuid="hff108a5bga06bg43a6gb64aga2ed8346f505" version="1">末日突降</content>
  <content contentuid="h967e2687gdacag4a5bgb6fcg6b7cc8c2212f" version="1">你的近战武器攻击有[1]的概率使你的下一个&lt;LSTag Type="Spell" Tooltip="Projectile_DeathCoil"&gt;凋零缠绕&lt;/LSTag&gt;无消耗且会爆发目标身上所有的&lt;LSTag Type="Status" Tooltip="DK_FesteringWound"&gt;溃烂之伤&lt;/LSTag&gt;。下个&lt;LSTag Type="Spell" Tooltip="Projectile_DeathCoil"&gt;凋零缠绕&lt;/LSTag&gt;命中时将额外恢复一枚邪恶符文。</content>
  <content contentuid="h862a6ed7g6266g4216gb167gc40ada5b71f3" version="1">你的下一个&lt;LSTag Type="Spell" Tooltip="Projectile_DeathCoil"&gt;凋零缠绕&lt;/LSTag&gt;无消耗且会爆发目标身上所有的&lt;LSTag Type="Status" Tooltip="DK_FesteringWound"&gt;溃烂之伤&lt;/LSTag&gt;。下个&lt;LSTag Type="Spell" Tooltip="Projectile_DeathCoil"&gt;凋零缠绕&lt;/LSTag&gt;命中时将额外恢复一枚邪恶符文。</content>

  <content contentuid="h45bde13bg14b4g4d0cg84d7ga35bc587c834" version="1">天灾打击</content>
  <content contentuid="h7b3ee3a6gb816g43d1g816bgbfac0d379d07" version="1">天灾打击: 反应</content>
  <content contentuid="h823cf181gf18eg4ed1ga179g73f8a30ed2ab" version="1">一次邪恶的武器攻击，额外造成[2]，并使1层&lt;LSTag Type="Status" Tooltip="DK_FesteringWound"&gt;溃烂之伤&lt;/LSTag&gt;爆发。</content>
  <content contentuid="ha801c1b2g608fg4bdag807bg12f37851b5ef" version="1">武器攻击命中时, 额外造成[1]，并使1层&lt;LSTag Type="Status" Tooltip="DK_FesteringWound"&gt;溃烂之伤&lt;/LSTag&gt;爆发。</content>
  <content contentuid="h3b1d3b99g05cdg4571g9f9eg613c647c3627" version="1">重击天灾打击: 反应</content>
  <content contentuid="h9b206a12gbe4bg40e3gae50g30de25452123" version="1">武器&lt;LSTag Tooltip="CriticalHit"&gt;重击&lt;/LSTag&gt;命中时, 额外造成[1]，并使1层&lt;LSTag Type="Status" Tooltip="DK_FesteringWound"&gt;溃烂之伤&lt;/LSTag&gt;爆发。</content>
  <content contentuid="he606976dg3111g4e21g8f9cg000d4a5c9640" version="1">爆发</content>
  <content contentuid="haf7c5df1gc0b2g42adga6dege34864ac40a0" version="1">对目标造成[1]且使附近的所有敌人感染&lt;LSTag Type="Status" Tooltip="DK_UnholyFever"&gt;&lt;LSTag Type="Status" Tooltip="DK_UnholyFever"&gt;恶性瘟疫&lt;/LSTag&gt;&lt;/LSTag&gt;。</content>
  <content contentuid="h8878c57ag6194g42ccga4cegde6231394ecf" version="1">凋零缠绕: 反应</content>
  <content contentuid="h5205b430g8081g4ea9gbdb7gc9bbb7cd031c" version="1">对攻击你的目标施放邪恶的能量冲击，对一名敌人造成[1]，或为一名亡灵盟友恢复[2]。
  
邪恶专精下释放凋零缠绕有[3]的几率恢复一个邪恶符文。</content>
  <content contentuid="he88ce7c0g7f6bg41a1g95acg46be684223e2" version="1">脓疮打击</content>
  <content contentuid="h6f2bf1e8g3881g46d6ga272gd16b7f5d33fd" version="1">打击目标造成额外的[1]，并对目标施加2到3层&lt;LSTag Type="Status" Tooltip="DK_FesteringWound"&gt;溃烂之伤&lt;/LSTag&gt;效果。</content>
  <content contentuid="h0bba401bg5c0fg458agb0c6g4e647bbecabc" version="1">用爪攻击敌人，对其造成 [1] 。爪击有[2]的概率&lt;LSTag Type="Status" Tooltip="PRONE"&gt;击倒&lt;/LSTag&gt;目标。</content>
  <content contentuid="he1604e00ga707g44a1g8dcagcc09326b563e" version="1">亡者大军</content>
  <content contentuid="h328c5d00ga06dg4934gbe8fg68ab6ea76ab1" version="1">召唤一支食尸鬼军团为你作战，攻击一切可以攻击的目标。</content>

  <content contentuid="h2d96f2c9gd340g4815g8e74ge3609b996ff1" version="1">精通：鲜血护盾</content>
  <content contentuid="h34b678adg345fg40c9ga6dcge4494488cbc8" version="1">你每次使用&lt;LSTag Type="Spell" Tooltip="Target_DeathStrike"&gt;灵界打击&lt;/LSTag&gt;或&lt;LSTag Type="Spell" Tooltip="Target_DeathPact"&gt;天灾契约&lt;/LSTag&gt;进行自我治疗时，都将获得一个物理伤害吸收护盾，吸收量相当于治疗量的[1]。你至多拥有25%最大生命值的鲜血护盾。
 
当&lt;LSTag Type="Status" Tooltip="Buff_BloodShield"&gt;鲜血护盾&lt;/LSTag&gt;激活时，敌方攻击命中后会触发一个小范围的爆炸，造成敌方等级+[2]。</content>
  <content contentuid="h25157383g45c3g4980g9645g80b56dcd568d" version="1">获得等同于本状态层数的&lt;LSTag Tooltip="TemporaryHitPoints"&gt;临时护盾&lt;/LSTag&gt;。敌方攻击命中后会触发一个小范围的爆炸，造成敌方等级+[2]。</content>
  <content contentuid="h6ae7c7dfg81f1g467bg8bc4g0f3261cd7726" version="1">符文武器增效：鲜血</content>
  <content contentuid="h60b9882dg0e20g4984gaf6dg4d2f72eac083" version="1">赤色天灾</content>
  <content contentuid="h47b0c1abg045eg4c06ga3d6gc84a8b235adf" version="1">你的武器攻击命中时有[1]的几率使你的下一个&lt;LSTag Type="Spell" Tooltip="Target_DeathDecay"&gt;枯萎凋零&lt;/LSTag&gt;或&lt;LSTag Type="Spell" Tooltip="Shout_BloodBoil"&gt;血液沸腾&lt;/LSTag&gt;免费，且你可以再次释放一次&lt;LSTag Type="Spell" Tooltip="Target_DeathDecay"&gt;枯萎凋零&lt;/LSTag&gt;。 
  
或者，你的下一次&lt;LSTag Type="Spell" Tooltip="Target_DeathStrike"&gt;灵界打击&lt;/LSTag&gt;将额外造成基于你的&lt;LSTag Type="Status" Tooltip="Buff_BloodShield"&gt;鲜血护盾&lt;/LSTag&gt;数额的伤害并额外回复一枚鲜血符文。</content> 
  <content contentuid="h46a46a4eg2885g48dfg94ddg26e6fcfc5846" version="1">你的下一个&lt;LSTag Type="Spell" Tooltip="Target_DeathDecay"&gt;枯萎凋零&lt;/LSTag&gt;或&lt;LSTag Type="Spell" Tooltip="Shout_BloodBoil"&gt;血液沸腾&lt;/LSTag&gt;免费，且你可以再次释放一次&lt;LSTag Type="Spell" Tooltip="Target_DeathDecay"&gt;枯萎凋零&lt;/LSTag&gt;。 

或者，你的下一次&lt;LSTag Type="Spell" Tooltip="Target_DeathStrike"&gt;灵界打击&lt;/LSTag&gt;将额外造成基于你的&lt;LSTag Type="Status" Tooltip="Buff_BloodShield"&gt;鲜血护盾&lt;/LSTag&gt;数额的伤害并额外回复一枚鲜血符文。</content> 


  <content contentuid="hb4377bf4g9274g4857g8633g3dc3134f6c7e" version="1">心脏打击</content>
  <content contentuid="hddc65b1cg1e3ag4c1bg8cadgd5c9729249c2" version="1">立刻打击目标，造成额外[1]。当你站在&lt;LSTag Type="Spell" Tooltip="Target_DeathDecay"&gt;枯萎凋零&lt;/LSTag&gt;中时，此效果额外打击目标周围的所有敌人，且每命中一个敌人回复[2]点符文能量。</content>
  <content contentuid="h2c4556abg2171g476egb852g3f668966687c" version="1">心脏打击: 反应</content>
  <content contentuid="h4447f73ag19dbg4486g8d12g62a06ea65f12" version="1">武器攻击命中后, 造成额外[1]。当你站在&lt;LSTag Type="Spell" Tooltip="Target_DeathDecay"&gt;枯萎凋零&lt;/LSTag&gt;中时，此效果额外打击目标周围的所有敌人，且每命中一个敌人回复[2]点符文能量。</content>
  <content contentuid="h09da9dacg3cb0g4001gb55cg2d01756502c4" version="1">重击心脏打击: 反应</content>
  <content contentuid="h10e48e6eg720fg48fcgbd7dg6cbf60191592" version="1">当你使用武器&lt;LSTag Tooltip="CriticalHit"&gt;重击&lt;/LSTag&gt;时,造成额外[1]。此效果额外打击目标周围的所有敌人，且每命中一个敌人回复[2]点符文能量。</content>
  <content contentuid="hb459e29cg1638g42b6gb43cgfadb2005867d" version="1">反击心脏打击: 反应</content>
  <content contentuid="h562678c1gb985g4167ga9abga57d6ee3f7b8" version="1">对攻击你的目标进行反击，造成额外[1]。当你站在&lt;LSTag Type="Spell" Tooltip="Target_DeathDecay"&gt;枯萎凋零&lt;/LSTag&gt;中时，此效果额外打击目标周围的所有敌人，且每命中一个敌人回复[2]点符文能量。</content>
  
  <content contentuid="h5b560dc8gb6f8g44fdg9a7dgb64f4fe4119b" version="1">血液沸腾</content>
  <content contentuid="h6248a071g6b75g43dcgbe8fg9b975703a1b9" version="1">造成[1]并使[2]范围内的所有敌人感染&lt;LSTag Type="Status" Tooltip="DK_BloodFever"&gt;血之疫病&lt;/LSTag&gt;。</content>
  <content contentuid="he676fb57ge873g415bg87d0g360cb77cd15b" version="1">灵界打击</content>
  <content contentuid="h56115fc9g6af4g43f9g9262g2cefe7cb294e" version="1">将黑暗的力量灌注到武器中，造成额外的[1]并为你恢复上回合所受伤害的[2],至少恢复[3]的最大生命值。
  
灵界打击有[4]的概率回复一枚鲜血符文。</content>
  <content contentuid="h0e50681eg23beg4f5cgb1afg039a85139821" version="1">这个状态表示基于上一轮所受伤害死亡打击可造成的治疗量。在回合结束时重置。</content>
  <content contentuid="h72fb89dbgb540g407fgb70ag3df90d12e934" version="1">血魔之握</content>
  <content contentuid="hcd712244g7ea8g4b8cg8709ga116f6969916" version="1">暗影触须会缠绕[1]范围内的所有敌人,造成[2]并将他们拉向你的所在位置。被拉拽的敌人会被&lt;LSTag Type="Status" Tooltip="STUNNED"&gt;眩晕&lt;/LSTag&gt;1回合。</content>
  

  <content contentuid="hd8a0685cg7929g40b0ga1d5g5b90babf00ef" version="1">不消耗鲜血符文。</content>
  <content contentuid="h1de2fac8g7417g492agb035gc31a10e6f9b9" version="1">不消耗冰霜符文。</content>
  <content contentuid="h73fcc3e4g28f2g4229g922dg20944b57a2e0" version="1">不消耗邪恶符文。</content>
  <content contentuid="h379e1010g094dg48e9ga544g5cedf141833c" version="1">不消耗符文能量。</content>
  <content contentuid="hb6e79070g3d03g4b31gab44g5c15977e14cc" version="1">当你没有双持时，改为造成主武器100%的伤害。</content>
 

  
  <content contentuid="hfff7d624gf568g426eg811age8035f36b60c" version="1">诅咒之喉</content>
  <content contentuid="h5ab55e6dg0d63g4312gbb3bg10e7c6fc29cc" version="1">"诅咒之喉的饥渴是永无止尽的。如果吞噬不到新的牺牲品，它就会毫不犹豫地吸取主人的鲜血。"</content>
  <content contentuid="h5888649ag90e0g4ae1ga92bg5662323b181e" version="1">无餍狂刃</content>
  <content contentuid="hcf73ee2dg09a2g400bg9cbcge90a1b0164dd" version="1">
这把武器的攻击无视目标的力场伤害&lt;LSTag Tooltip="Resistant"&gt;抗性&lt;/LSTag&gt;，且对感染&lt;LSTag Type="Status" Tooltip="DK_BloodFever"&gt;血之疫病&lt;/LSTag&gt;目标获得&lt;LSTag Tooltip="Advantage"&gt;优势&lt;/LSTag&gt;。 
你的武器攻击有[1]的额外概率触发&lt;LSTag Type="Passive" Tooltip="Blood_CrimsonScourge"&gt;赤色天灾&lt;/LSTag&gt;。</content>
  <content contentuid="h90d21fe4gae68g4cddg9172g8b89fd4112e3" version="1">赤红渴望</content>
  <content contentuid="h16250cadg99a0g4e9dg9a00g318c343eb413" version="1">
你从&lt;LSTag Type="Passive" Tooltip="Mastery_BloodShield"&gt;精通：鲜血护盾&lt;/LSTag&gt;获取的&lt;LSTag Type="Status" Tooltip="Buff_BloodShield"&gt;鲜血护盾&lt;/LSTag&gt;可叠加至[1]最大生命值, 且在处于&lt;LSTag Type="Spell" Tooltip="Target_DeathDecay"&gt;枯萎凋零&lt;/LSTag&gt;中时伤害提升[2]。 
&lt;LSTag Type="Spell" Tooltip="Target_DeathStrike"&gt;灵界打击&lt;/LSTag&gt;命中时有[3]的几率延长1回合&lt;LSTag Type="Status" Tooltip="DK_Buff_VampiricBlood"&gt;吸血鬼之血&lt;/LSTag&gt;效果。</content>
  <content contentuid="h51ff995bg7b49g483cgbc05gbe17379ad3d4" version="1">吸血鬼之血</content>
  <content contentuid="he41c79b2g6c11g4e91ga02bgc3b8d5d0c11d" version="1">殷切地接受不死的生命，使你的最大生命值提高[1]且你从&lt;LSTag Type="Spell" Tooltip="Target_DeathStrike"&gt;灵界打击&lt;/LSTag&gt;中获得的治疗效果提升100%。</content>


  <content contentuid="hc5af756egd69dg4d25gbfa2g5de670acedaf" version="1">掠霜使者</content>
  <content contentuid="hd508f3b9g933bg4a34ga752g5887946ba000" version="1">"总有一天，我的生命将抵达终点。而你，将加冕为王。"</content>
  <content contentuid="ha7cc58b9gc52eg4de8gb045ge79e89dc2785" version="1">寒冰使者</content>
  <content contentuid="h3959aff7g224bg4d08g93a2g042818d22841" version="1">"我要让你见识一下死亡的制裁……以及恐惧的真谛。"</content>
  <content contentuid="hc5f38fe0g69edg4f6fgaa71g7ffe33b55d4e" version="1">酷寒突袭</content>
  <content contentuid="h872ae463g068fg442fg835agded61f267714" version="1">
当你同时装备掠霜使者和寒冰使者时,你的攻击无视目标的寒冷伤害&lt;LSTag Tooltip="Resistant"&gt;抗性&lt;/LSTag&gt;，且对感染&lt;LSTag Type="Status" Tooltip="DK_FrostFever"&gt;冰霜疫病&lt;/LSTag&gt;目标获得&lt;LSTag Tooltip="Advantage"&gt;优势&lt;/LSTag&gt;。 
你的武器攻击有[1]的额外概率触发&lt;LSTag Type="Passive" Tooltip="Frost_KillingMachine"&gt;杀戮机器&lt;/LSTag&gt;效果,且你的双持攻击不再消耗&lt;LSTag Type="ActionResource" Tooltip="BonusActionPoint"&gt;附加动作&lt;/LSTag&gt;。
(你仍然需要至少一点&lt;LSTag Type="ActionResource" Tooltip="BonusActionPoint"&gt;附加动作&lt;/LSTag&gt;来触发双持攻击。)</content>
  <content contentuid="h2272525eg95ffg4051g9db8g73749c172998" version="1">冷血狂怒</content>
  <content contentuid="h53d3c462g4470g4890g9d2fg07b5e62a07b6" version="1">
当你同时装备掠霜使者和寒冰使者时,你从&lt;LSTag Type="Passive" Tooltip="Mastery_FrozenHeart"&gt;精通：冰冷之心&lt;/LSTag&gt;中获得的&lt;LSTag Tooltip="CriticalHit"&gt;重击&lt;/LSTag&gt;概率额外提升[1]。 
&lt;LSTag Type="Spell" Tooltip="Target_FrostStrike"&gt;冰霜打击&lt;/LSTag&gt;重击时有[2]的概率延长1回合&lt;LSTag Type="Status" Tooltip="DK_Buff_FrostPillar"&gt;冰霜之柱&lt;/LSTag&gt;效果。</content>
  <content contentuid="h0e9e0701g4b76g476bgbc66gb8362a9799c5" version="1">冰霜之柱</content>
  <content contentuid="h1fabdb1fg350ag49d4g8224g952f296a3237" version="1">冰霜的能量灌注于你体内。你的寒冷伤害获得基于你的力量&lt;LSTag Tooltip="AbilityModifier"&gt;属性调整值&lt;/LSTag&gt;的伤害加值。期间每消耗一枚冰霜符文可额外提升你1点力量，最多10点。</content>
  <content contentuid="h00eaf515gc143g4e77ga42dg8efc4a439b5f" version="1">你的寒冷伤害获得基于你的力量&lt;LSTag Tooltip="AbilityModifier"&gt;属性调整值&lt;/LSTag&gt;的伤害加值。期间每消耗一枚冰霜符文可额外提升你1点力量，最多10点。</content>
  <content contentuid="h4a468cf6g083fg423egbe79gf3f2765ca820" version="1">你获得基于此效果层数的额外力量，最多10点。</content>


  <content contentuid="h962cca26g57ccg4ab9g81ffg874b3f587a1a" version="1">天启</content>
  <content contentuid="h0f7146a6gac15g4bfdg9ac7ga63aecb24de0" version="1">"它由毁灭与战争、饥荒与死亡交织而成，以权力为饵，最终带来众生的末日。"</content>
  <content contentuid="h5f749240g6ba0g4336g989dg83d31452004d" version="1">无尽苦难</content>
  <content contentuid="hfd3d38e3g0fafg479bg9efeg812bdfefb39e" version="1">
这把武器的攻击无视目标的黯蚀伤害&lt;LSTag Tooltip="Resistant"&gt;抗性&lt;/LSTag&gt;且对感染&lt;LSTag Type="Status" Tooltip="DK_UnholyFever"&gt;恶性瘟疫&lt;/LSTag&gt;目标获得&lt;LSTag Tooltip="Advantage"&gt;优势&lt;/LSTag&gt;。 
你的武器攻击有[1]的额外概率触发&lt;LSTag Type="Passive" Tooltip="Unholy_SuddenDoom"&gt;末日突降&lt;/LSTag&gt;。</content>
  <content contentuid="h4b37cf83g07d5g4fc9g8296g4d1c4aef2e7c" version="1">邪恶光环</content>
  <content contentuid="h8f9bd144gdb20g4909gbb71ga8fbcd9421f8" version="1">
你和你的食尸鬼从&lt;LSTag Type="Passive" Tooltip="Mastery_DreadBlade"&gt;精通：恐惧之刃&lt;/LSTag&gt;中获得的&lt;LSTag Type="Status" Tooltip="DK_FesteringWound"&gt;溃烂之伤&lt;/LSTag&gt;触发概率额外提升[1]。 
释放&lt;LSTag Type="Spell" Tooltip="凋零缠绕"&gt;Death Coil&lt;/LSTag&gt;时有[2]的概率延长1回合&lt;LSTag Type="Status" Tooltip="DK_Buff_DarkTransformation"&gt;黑暗突变&lt;/LSTag&gt;效果。</content>
  <content contentuid="h0732e87cg6f83g4393g9075g3969232ec5d5" version="1">黑暗突变</content>
  <content contentuid="ha3576df5g32eeg4139g90deg1f4a740ce6ff" version="1">食尸鬼对附近的[2]内的敌人造成[1]，并变身为一只强大的亡灵怪物。变身激活期间食尸鬼的技能伤害提升[3]，而且会有新的功能。</content>
  <content contentuid="h62837b28gace5g4733g8537g339908ae69fd" version="1">你的食尸鬼变身为一只强大的亡灵怪物。变身激活期间食尸鬼的技能伤害提升[1]，而且会有新的功能。</content> 

  <content contentuid="h80cf6a3cg56ffg4f2dg9f83g667afef46ac6" version="1">横扫爪击</content>
  <content contentuid="hee2f0040g1de2g43f3g84f9g8e991ef5439f" version="1">使用畸形的利爪扫击敌人，对目标及附近的敌人造成[1]，并有[2]的概率&lt;LSTag Type="Status" Tooltip="PRONE"&gt;击倒&lt;/LSTag&gt;目标。</content>
  <content contentuid="h9566b485g4fd0g4f95g8fc0g4549c84eb2ac" version="1">邪恶蔓延</content>
  <content contentuid="hae5edf0dg0eb3g4d80ga15dge4b9e90f90c0" version="1">用疫病感染你的敌人，将你当前目标身上的&lt;LSTag Type="Status" Tooltip="DK_FesteringWound"&gt;溃烂之伤&lt;/LSTag&gt;散播到附近5m内敌人身上，散播的层数与当前目标身上激活的层数相当。</content>


  <content contentuid="h9e4f1aaegae72g49d0gbc35g812c48848cfb" version="1">纳克萨玛斯徽记</content>
  <content contentuid="h9d088f3bgccadg4438g931dga125e3b76807" version="1">天启四骑士是极其强大的精英死亡骑士，最初由克尔苏加德创造。作为天灾军团最令人恐惧和强大的战士，他们被这位大巫妖认为是自己最伟大的作品。他们被诅咒的灵魂与永恒的痛苦束缚在一起，几乎没人愿意付出获取这样的力量的代价。</content>
  <content contentuid="h9ca374eeg57cfg41a3gb9eag8e82a40558e6" version="1">使用此徽记来召唤天启四骑士的投影，挑战成功后可获得奖励。 </content>
  <content contentuid="hc9303dc4g6f63g4921gb30fgc0f0253c5624" version="1">库尔塔兹领主</content>
  <content contentuid="h728bd60cg8330g4169gae52gfe5f224b07fa" version="1">女公爵布劳缪克丝</content>
  <content contentuid="hdc144f64ge8a4g444cg92bag5a118364c9d3" version="1">瑟里耶克爵士</content>
  <content contentuid="hc3926e05g78e8g4e22ga038g7e6ce9ceaa28" version="1">大领主莫格莱尼</content>



</contentList>