<?xml version="1.0" encoding="utf-8"?>
<contentList>
  <content contentuid="h38acd02eg802eg4993g839cg5b02a0e776d6" version="1">Death Knight</content>
  <content contentuid="h47be9a2bg41d9g4efeg8d2cg79c7c65e58f7" version="1">A thousand atrocities are etched in the eyes of every Death Knight, and foes who gaze into them too long will feel the warmth pulled from their bodies, replaced with cold steel. Frost sharpens their strikes; blood fortifies their bodies; and undeath allows them to erupt in unholy rage in the heat of battle.</content>


  <content contentuid="hed8d0063g01ceg489fg980ag0c71854a29f4" version="1">Blood</content> 
  <content contentuid="h935bf9ddg6c1eg4cb0gb1f5gb23f0cbe5a37" version="1">Blood death knights are dark guardians who manipulate and corrupt life energy to sustain themself in the face of an enemy onslaught.</content> 
  <content contentuid="h7ae2f407ge2a6g4505g88e4g185a6c93e672" version="1">Frost</content>
  <content contentuid="h172b532cgc193g406fg92adg3e8366b73456" version="1">Frost death knights are harbingers of doom, channeling runic power and delivering vicious weapon strikes.</content>  
  <content contentuid="hd469c347g283eg4cc2ga616g4f695f1e736e" version="1">Unholy</content> 
  <content contentuid="h098b66b1g1eb9g4629ga8e9g73c81c572498" version="1">Unholy death knights are masters of death and decay, spreading infection and controlling undead minions to do their bidding.</content> 

  <content contentuid="hdc41e8acg2886g4e5dg97bag69c9bfa0688f" version="1">Blood Rune</content>
  <content contentuid="h2c657a02gc100g4268gb6ffgaa4cf355972f" version="1">Frost Rune</content>
  <content contentuid="h98494f64g6d68g428cgbc9age4220ad106b1" version="1">Unholy Rune</content>
  <content contentuid="h582b8572gee0fg452eg8a88g7d5c0dfe1b4f" version="1">Runes are required for casting most of the Death Knight's abilities. A Death Knight has various means to replenish runes during the combat.</content>
  <content contentuid="hc72b2413gdefcg41eeg8d3cgec4289600fbb" version="1">Runic Power</content>
  <content contentuid="h654b203fg6e75g4a34g95c4gb406ba5e9b88" version="1">Runic Power is used for specific Death Knight abilities and can be refilled through most of the Death Knight's skills. Unless modified by other abilities, your melee attack has a 15% chance to replenish 20 Runic Power.</content>


  <content contentuid="h4511b6c3g53fdg4dd6g9b35g093e974c4f07" version="1">Blood Rune: 1</content>
  <content contentuid="h40119256g5387g402ag86adgb28403d35c1b" version="1">Frost Rune: 1</content>
  <content contentuid="h2490ef9bgd26fg4605g9855g7bce2a3078d2" version="1">Unholy Rune: 1</content>
  <content contentuid="hf2f0ccc0ge70eg4220gb5e8g987470389ebb" version="1">You obtained a Death Knight rune and now possess the ability to invoke the power within it.</content>
  <content contentuid="h3a255f33ga7dbg4f5cg8fa6gf4b0a0269ee5" version="1">Runic Power: [1]</content>
  <content contentuid="h4cebb421gc469g46f2gb450g38fc543969b3" version="1">Your weapon is now infused with runic power, enabling it to envoke the might of a Death Knight.</content>
  <content contentuid="hc61a2678g9f49g484eg80b9g79c48c0c15dd" version="1">Harbinger of the Scourge</content>
  <content contentuid="ha4a55b39g25d7g4394gb29ag4db43fa16345" version="1">You gain immunity to all diseases.</content>

  <content contentuid="h5491d5a4gb718g4111ga06bgaf0e410336ad" version="1">Dominates the target undead creature, forcing it to do your bidding.</content>
  <content contentuid="h33bd4dbeg3e49g4592g90e2gdbafbcc29cc1" version="1">Death Coil</content>
  <content contentuid="hb2d53718gccf1g49c2ga9dcgf9dcfea0a73f" version="1">Fires a blast of unholy energy at the target, causing [1] to an enemy or healing an Undead ally for [2].

Casting Death Coil has a [3] chance to regenerate an Unholy Rune under Unholy Subclass.</content>
  <content contentuid="h628f49b7g8380g40a9g95fcg8e25d9994e1e" version="1">Death Grip</content>
  <content contentuid="h6fec1e8dg4371g40d7gae4bgc82cc74062c5" version="1">Harnesses the energy that surrounds and binds all matter, drawing the target toward you. Enemy pulled will be  &lt;LSTag Type="Status" Tooltip="STUNNED"&gt;Stunned&lt;/LSTag&gt; for 1 turn.</content>
  <content contentuid="hd3ea1415g7473g4443gbf51gccf6b071c1b1" version="1">Raise Dead</content>
  <content contentuid="h060d623dg899eg4f30g915agc0ddb393a2a7" version="1">Raises a ghoul to fight by your side. You can have one ghoul at a time.</content>
  <content contentuid="hf5e80ff3ge3a7g4dbdgbbefg6ff8a5fb3144" version="1">Death Pact</content>
  <content contentuid="hc08cc57bged78g46ebg8fc5g20aa232e4756" version="1">Sacrifices an undead minion, healing the Death Knight for [1] of maximum health.</content>
  <content contentuid="h70a0fc8bge807g4f26ga80ag2e576372f884" version="1">Chains of Ice</content>
  <content contentuid="he9c580c0g6c0dg4e4bgb724g95a6971cd3b4" version="1">Shackles the target with frozen chains. Reducing movement by [1], and afflicting with &lt;LSTag Type="Status" Tooltip="CHILLED"&gt;Chilled&lt;/LSTag&gt; for 2 turns. </content>
  <content contentuid="h0a9a6ec3g3c58g4765gb777gcad5576758fd" version="1">Movement is reduced by [1]. </content>
  <content contentuid="h943ad774g508dg43edgba40g9122790e7b8e" version="1">Anti-Magic Shell</content>
  <content contentuid="h19a1aad0gcc22g4cd9ga8f9g50d900250bce" version="1">Surrounds the Death Knight in an Anti-Magic Shell, absorbing 50% magical damage dealt by harmful spells. Magical Damage absorbed by Anti-Magic Shell energizes the Death Knight with additional [1] runic power.  Lasts [2] turns. </content>
  <content contentuid="h251a1707gb6beg46efg9793g8dd9da0650a2" version="1">Absorbing magical damage dealt by harmful spells. Magical Damage absorbed by Anti-Magic Shell energizes the Death Knight with additional [1] runic power. </content>
  <content contentuid="h3690a0d2g0321g4a50g8a16g2f8445b75446" version="1">Mind Freeze</content>
  <content contentuid="hbb9952ecg6301g4be6g97e2g8dca58dc6eda" version="1">Smash the target's mind with cold, preventing any spell from being cast for [1] turns, and infects &lt;LSTag Type="Status" Tooltip="CHILLED"&gt;Chilled&lt;/LSTag&gt; for 2 turns. </content>
  <content contentuid="hd87649ffg38bcg44f4ga695gc7799f146182" version="1">This Entity is silenced. </content>
  <content contentuid="h8052db13g8abbg4755gb435g3dad93e3bf4b" version="1">Rune Tap</content>
  <content contentuid="hbfce4365gc52bg4027g852dgf13c15f9591e" version="1">Immediately converts [1] health into [2] Runic Power.</content>
  <content contentuid="h29af5c3egdbabg4c88gb85ag9348ae60a86c" version="1">Raise Ally</content>
  <content contentuid="h02c0683bg500dg427aga442g39a4720fd2e1" version="1">Pours dark energy into a dead target, reuniting spirit and body to allow the target to reenter battle with [1] of max health.</content>
  <content contentuid="h858b38d5g4432g441cg9e35g192fe578b2d9" version="1">Death's Advance</content>
  <content contentuid="h863a9a1dg65dbg492bgb755g7d3091152e80" version="1">Embrace the power of the Shadowlands, and teleport to the target location.</content>
  <content contentuid="heaf2fccdg6787g4dbegbf5dg9ee53bb24a74" version="1">Death and Decay</content>
  <content contentuid="h0388974egc388g4c5eg9196g7144f4e042e4" version="1">Corrupts the targeted ground, slowing down all targets within the area and dealing damage by [1] of their maximum health over 10 turns.</content>
  <content contentuid="h0e006184g8cbcg43afga35agb191845a425d" version="1">Horn of Winter</content>
  <content contentuid="h6cc29529g21acg47ddg80e2g8f275acf0c37" version="1">The Death Knight blows the Horn of Winter, increasing total Strength and Dexterity of all allies within 12m by [1]. Lasts 10 turns.</content>
  <content contentuid="h78fbe96eg0517g4addg9d42gfe1516d0810a" version="1">Increases total Strength and Dexterity by [1].</content>
   
  <content contentuid="h697b11cfg67f4g4197g90b4g95685af75722" version="1">Blood Plague</content>
  <content contentuid="he441fd08gca3fg4373g9369gc075eebcb9be" version="1">A shadowy disease that drains [1] health from the target each turn and makes the target frenzied, directing its aggression toward you.</content>
  <content contentuid="h264dea53g23f5g4efegb887gb36b69a9b757" version="1">Frost Fever</content>
  <content contentuid="h445d7ef8g7549g4d39g9a69g02680d56e1f4" version="1">A disease dealing [1] every turn and reduce movement speed by 4.5m.</content>
  <content contentuid="ha07ec982g9593g4760g9e26gec5dc722075a" version="1">Virulent Plague</content>
  <content contentuid="h42094ecag234bg4952g8a9fg965c6d61a9d5" version="1">A disease that deals [1] every turn. It erupts when the infected target dies and spreads to nearby enemies within.</content>
  <content contentuid="h6398213dg9b66g49b4gaa5ag0de6481886a2" version="1">Festering Wound</content>
  <content contentuid="h9584256egc030g4ae0g9303gff936f2ee3a7" version="1">A pustulent lesion that stacks up to 6 times and will burst when damaged by certain abilities, dealing [1] and generating [2] Runic Power per stack bursted. Enemies infected with Festering Wound will burst a small [3] AOE when they die.</content>

  <content contentuid="hf7103d1ag6b16g4b66ga205ga4b8e3e774d9" version="1">Mastery: Frozen Heart</content>
  <content contentuid="hc7e9e930g176ag4796ga262g742d4dbe8043" version="1">Your attacks have a [1] independent &lt;LSTag Tooltip="CriticalHit"&gt;Critical Hit&lt;/LSTag&gt; chance against &lt;LSTag Type="Status" Tooltip="CHILLED"&gt;Chilled&lt;/LSTag&gt; targets. 
Applying &lt;LSTag Type="Status" Tooltip="CHILLED"&gt;Chilled&lt;/LSTag&gt; on a target also infect &lt;LSTag Type="Status" Tooltip="DK_FrostFever"&gt;Frost Fever&lt;/LSTag&gt; for 2 turns.</content>
  <content contentuid="h7ce94de9g4082g45b0gb557g9ea53b7e4c50" version="1">Empower Runic Weapon: Frost</content>
  <content contentuid="h8992b629g9342g4fb9gb2b0ge10339eef1ee" version="1">The runic power in your weapon is further strengthend. Melee weapon attacks deal an additional [1], and the chance to replenish Runic Power is increased to [2].</content>
  <content contentuid="hfb7a116ege6cdg41ecg9d7cg3b89d6eebeaf" version="1">Killing Machine</content>
  <content contentuid="h16f38c81g1cc1g4308ga57ag9f95d340d0d5" version="1">Your weapon attack has a [1] chance to make your next &lt;LSTag Type="Spell" Tooltip="Target_Obliterate"&gt;Obliterate&lt;/LSTag&gt; a critical strike and refund 1 Frost Rune, or your next &lt;LSTag Type="Spell" Tooltip="Projectile_HowlingBlast"&gt;Howling Blast&lt;/LSTag&gt; free.</content>
  <content contentuid="hadfd0007ga318g4bf4g82b9gd32d26e4303a" version="1">Your next &lt;LSTag Type="Spell" Tooltip="Target_Obliterate"&gt;Obliterate&lt;/LSTag&gt; is a critical strike and refund 1 Frost Rune, or your next &lt;LSTag Type="Spell" Tooltip="Projectile_HowlingBlast"&gt;Howling Blast&lt;/LSTag&gt; is free.</content>

  <content contentuid="he5065463g63bfg4e5bg9697gc710822c40b4" version="1">Frost Strike</content>
  <content contentuid="hcd1e572cgfa9eg46b1g83b9g17049f50c5e6" version="1">Frost Strike: Reaction</content>
  <content contentuid="h993fb5a8g1529g4dd7gb1f6g3ed9211245c2" version="1">On a hit with a melee weapon, deal additional [1]. Your Frost Strike has a [2] chance to restore 1 Frost Rune, and this chance raises to 100% on a critical hit.</content>
  <content contentuid="hf6460724g4e81g42b6g8585g7053aef69df0" version="1">Frost Strike Critical: Reaction</content>
  <content contentuid="h509b8b08g2a98g44b8g8241ga5c3955c3a81" version="1">On a &lt;LSTag Tooltip="CriticalHit"&gt;Critical Hit&lt;/LSTag&gt; with a melee weapon, deal additional [1] and restore 1 Frost Rune.</content>
  <content contentuid="h1c9ce109g8a51g49e6gb4bag07e6e240279e" version="1">Obliterate</content>
  <content contentuid="hf5f565cdg0c4eg4cd3g88a9g9bb31cab4fca" version="1">Perform a melee attack with both your mainhand and offhand weapons, dealing [1] weapon damage for each weapon and an additional [2]. 

Obliterate regenerates [3] Runic Power on hit, and this effect is doubled on a critical hit.</content>
  <content contentuid="hfbbedb73g8886g44bbg8282ge274ee157ba5" version="1">Howling Blast</content>
  <content contentuid="hf518f1a9g8890g481agbb26gff0ac93325bd" version="1">Blast the target with a frigid wind, dealing [1] to the target and nearby enemies, infecting &lt;LSTag Type="Status" Tooltip="CHILLED"&gt;Chilled&lt;/LSTag&gt; for 2 turns. Howling Blast regenerates [2] Runic Power on hit.</content>
  <content contentuid="h1ebb06c4g6fafg4d3dg8ed1g0cc964668b7d" version="1">Howling Blast: Reaction</content>
  <content contentuid="h9ceedebcg7125g4bccga5deg00e09392cf35" version="1">React to your next attacker with a blast of frigid wind, dealing [1] to the target and nearby enemies, infecting &lt;LSTag Type="Status" Tooltip="CHILLED"&gt;Chilled&lt;/LSTag&gt; for 2 turns. Your Howling Blast restores [2] Runic Power on hit</content>
  <content contentuid="h5bb0d892gca84g4fd0g8dc7g97bcf9455c62" version="1">Breath of Sindragosa</content>
  <content contentuid="h0a97c969g84a6g4ecfga3ebg4c25136c9b84" version="1">Infects &lt;LSTag Type="Status" Tooltip="CHILLED"&gt;Chilled&lt;/LSTag&gt; and deal [1] to enemies in a cone in front of you. You can recast this spell again this turn until your Runic Power is exhausted.
  
Generates 2 Frost Runes after each cast.</content>

  <content contentuid="h32085420g12ceg456ag9d67g56595a28e0be" version="1">Mastery: Dreadblade</content>
  <content contentuid="h2a609fe8gb758g4e81gbee3ge36307ff62a8" version="1">Your Ghoul summoned by Raise Dead lasts longer and grows stronger as you level. Your Ghoul's attack now deals additional [1] and spreads &lt;LSTag Type="Status" Tooltip="DK_UnholyFever"&gt;Virulent Plague&lt;/LSTag&gt;.

You and your Ghoul's necrotic damage has a [2] chance to infect a &lt;LSTag Type="Status" Tooltip="DK_FesteringWound"&gt;Festering Wound&lt;/LSTag&gt;.</content>
  <content contentuid="h45186395gedfag481cg8cb0gc5564fe78e57" version="1">Empower Runic Weapon: Unholy</content>
  <content contentuid="hff108a5bga06bg43a6gb64aga2ed8346f505" version="1">Sudden Doom</content>
  <content contentuid="h967e2687gdacag4a5bgb6fcg6b7cc8c2212f" version="1">Your weapon attack has a [1] chance to make your next &lt;LSTag Type="Spell" Tooltip="Projectile_DeathCoil"&gt;Death Coil&lt;/LSTag&gt; free and bursts all &lt;LSTag Type="Status" Tooltip="DK_FesteringWound"&gt;Festering Wound&lt;/LSTag&gt;s on the target. Your next &lt;LSTag Type="Spell" Tooltip="Projectile_DeathCoil"&gt;Death Coil&lt;/LSTag&gt; also generating an additional Unholy Rune on hit.</content>
  <content contentuid="h862a6ed7g6266g4216gb167gc40ada5b71f3" version="1">Your next &lt;LSTag Type="Spell" Tooltip="Projectile_DeathCoil"&gt;Death Coil&lt;/LSTag&gt; is free and burst all &lt;LSTag Type="Status" Tooltip="DK_FesteringWound"&gt;Festering Wound&lt;/LSTag&gt;s on the target. Generates an additional Unholy Rune on hit.</content>

  <content contentuid="h45bde13bg14b4g4d0cg84d7ga35bc587c834" version="1">Scourge Strike</content>
  <content contentuid="h7b3ee3a6gb816g43d1g816bgbfac0d379d07" version="1">Scourge Strike: Reaction</content>
  <content contentuid="h823cf181gf18eg4ed1ga179g73f8a30ed2ab" version="1">An unholy strike that deals additional [2], and causes 1 &lt;LSTag Type="Status" Tooltip="DK_FesteringWound"&gt;Festering Wound&lt;/LSTag&gt; to burst.</content>
  <content contentuid="ha801c1b2g608fg4bdag807bg12f37851b5ef" version="1">On a hit with a melee weapon, deal additional [1], and causes 1 &lt;LSTag Type="Status" Tooltip="DK_FesteringWound"&gt;Festering Wound&lt;/LSTag&gt; to burst.</content>
  <content contentuid="h3b1d3b99g05cdg4571g9f9eg613c647c3627" version="1">Scourge Strike Critical: Reaction</content>
  <content contentuid="h9b206a12gbe4bg40e3gae50g30de25452123" version="1">On a &lt;LSTag Tooltip="CriticalHit"&gt;Critical Hit&lt;/LSTag&gt; with a melee weapon, deal additional [1] and causes 1 &lt;LSTag Type="Status" Tooltip="DK_FesteringWound"&gt;Festering Wound&lt;/LSTag&gt; to burst.</content>
  <content contentuid="he606976dg3111g4e21g8f9cg000d4a5c9640" version="1">Outbreak</content>
  <content contentuid="haf7c5df1gc0b2g42adga6dege34864ac40a0" version="1">Deals [1] and infects &lt;LSTag Type="Status" Tooltip="DK_UnholyFever"&gt;Virulent Plague&lt;/LSTag&gt; to the target and all nearby enemies.</content>
  <content contentuid="h8878c57ag6194g42ccga4cegde6231394ecf" version="1">Death Coil: Reaction</content>
  <content contentuid="h5205b430g8081g4ea9gbdb7gc9bbb7cd031c" version="1">React to your next attacker with a blast of unholy energy at the target, causing [1] to an enemy or healing an Undead ally for [2].

Death Coil has a [3] chance to regenerate an Unholy Rune under Unholy Subclass.</content>
  <content contentuid="he88ce7c0g7f6bg41a1g95acg46be684223e2" version="1">Festering Strike</content>
  <content contentuid="h6f2bf1e8g3881g46d6ga272gd16b7f5d33fd" version="1">Strikes the target with additional [1], and infects the target with 2-3 &lt;LSTag Type="Status" Tooltip="DK_FesteringWound"&gt;Festering Wounds&lt;/LSTag&gt;.</content>
  <content contentuid="h0bba401bg5c0fg458agb0c6g4e647bbecabc" version="1">Claw the enemy, dealing [1] and infects &lt;LSTag Type="Status" Tooltip="DK_UnholyFever"&gt;Virulent Plague&lt;/LSTag&gt; on hit. Claw has a [2] chance to knock &lt;LSTag Type="Status" Tooltip="PRONE"&gt;Prone&lt;/LSTag&gt; the target.</content>
  <content contentuid="he1604e00ga707g44a1g8dcagcc09326b563e" version="1">Army of the Dead</content>
  <content contentuid="h328c5d00ga06dg4934gbe8fg68ab6ea76ab1" version="1">Summons a legion of ghouls who swarms your enemies, fighting anything they can.</content>
  
  <content contentuid="h2d96f2c9gd340g4815g8e74ge3609b996ff1" version="1">Mastery: Blood Shield</content>
  <content contentuid="h34b678adg345fg40c9ga6dcge4494488cbc8" version="1">Each time you heal yourself with &lt;LSTag Type="Spell" Tooltip="Target_DeathStrike"&gt;Death Strike&lt;/LSTag&gt;, you gain [1] of the amount healed as a damage absorption shield, stacks up to 25% maximum health.
 
When your &lt;LSTag Type="Status" Tooltip="Buff_BloodShield"&gt;Blood Shield&lt;/LSTag&gt; is active, hitten by enemies will cause a small AOE burst that deals Enemy Level + [2].</content>
  <content contentuid="h25157383g45c3g4980g9645g80b56dcd568d" version="1">Gain &lt;LSTag Tooltip="TemporaryHitPoints"&gt;Temporary Hit Points&lt;/LSTag&gt; equivalent to the stack of this effect. Hitten by enemies will cause a small AOE burst of [2].</content>
  <content contentuid="h6ae7c7dfg81f1g467bg8bc4g0f3261cd7726" version="1">Empower Runic Weapon: Blood</content>
  <content contentuid="h60b9882dg0e20g4984gaf6dg4d2f72eac083" version="1">Crimson Scourge</content>
  <content contentuid="h47b0c1abg045eg4c06ga3d6gc84a8b235adf" version="1">Your weapon attacks on targets have a [1] chance to make your next &lt;LSTag Type="Spell" Tooltip="Target_DeathDecay"&gt;Death and Decay&lt;/LSTag&gt; or &lt;LSTag Type="Spell" Tooltip="Shout_BloodBoil"&gt;Blood Boil&lt;/LSTag&gt; free and you can recast Death and Decay. 
  
Alternatively, your next &lt;LSTag Type="Spell" Tooltip="Target_DeathStrike"&gt;Death Strike&lt;/LSTag&gt; deals additional force damage based on your &lt;LSTag Type="Status" Tooltip="Buff_BloodShield"&gt;Blood Shield&lt;/LSTag&gt; amount.</content> 
  <content contentuid="h46a46a4eg2885g48dfg94ddg26e6fcfc5846" version="1">Your next &lt;LSTag Type="Spell" Tooltip="Target_DeathDecay"&gt;Death and Decay&lt;/LSTag&gt; or &lt;LSTag Type="Spell" Tooltip="Shout_BloodBoil"&gt;Blood Boil&lt;/LSTag&gt; is free and you can recast &lt;LSTag Type="Spell" Tooltip="Target_DeathDecay"&gt;Death and Decay&lt;/LSTag&gt;. 

Alternatively, your next &lt;LSTag Type="Spell" Tooltip="Target_DeathStrike"&gt;Death Strike&lt;/LSTag&gt; deals additional force damage based on your &lt;LSTag Type="Status" Tooltip="Buff_BloodShield"&gt;Blood Shield&lt;/LSTag&gt; amount and generates an additional Blood Rune.</content> 


  <content contentuid="hb4377bf4g9274g4857g8633g3dc3134f6c7e" version="1">Heart Strike</content>
  <content contentuid="hddc65b1cg1e3ag4c1bg8cadgd5c9729249c2" version="1">Instantly strike the target with your weapon, causing additional [1]. This effect hits all enemies near the target and generate [2] Runic Power per hit while you remain in &lt;LSTag Type="Spell" Tooltip="Target_DeathDecay"&gt;Death and Decay&lt;/LSTag&gt;.</content>
  <content contentuid="h2c4556abg2171g476egb852g3f668966687c" version="1">Heart Strike: Reaction</content>
  <content contentuid="h4447f73ag19dbg4486g8d12g62a06ea65f12" version="1">On a hit with a melee weapon, deal additional [1] on the target. This effect hits all enemies near the target and generate [2] Runic Power per hit while you remain in &lt;LSTag Type="Spell" Tooltip="Target_DeathDecay"&gt;Death and Decay&lt;/LSTag&gt;.</content>
  <content contentuid="h09da9dacg3cb0g4001gb55cg2d01756502c4" version="1">Heart Strike Critical: Reaction</content>
  <content contentuid="h10e48e6eg720fg48fcgbd7dg6cbf60191592" version="1">On a &lt;LSTag Tooltip="CriticalHit"&gt;Critical Hit&lt;/LSTag&gt; with your weapon, causing additional [1] on the target. This effect hits all enemies near the target and generate [2] Runic Power per hit while you remain in &lt;LSTag Type="Spell" Tooltip="Target_DeathDecay"&gt;Death and Decay&lt;/LSTag&gt;.</content>
  <content contentuid="hb459e29cg1638g42b6gb43cgfadb2005867d" version="1">Heart Strike Counter: Reaction</content>
  <content contentuid="h562678c1gb985g4167ga9abga57d6ee3f7b8" version="1">React to your next attacker with your weapon attack, causing additional [1] on the target. This effect hits all enemies near the target and generate [2] Runic Power per hit while you remain in &lt;LSTag Type="Spell" Tooltip="Target_DeathDecay"&gt;Death and Decay&lt;/LSTag&gt;.</content>

  <content contentuid="h5b560dc8gb6f8g44fdg9a7dgb64f4fe4119b" version="1">Blood Boil</content>
  <content contentuid="h6248a071g6b75g43dcgbe8fg9b975703a1b9" version="1">Deals [1] and infects all enemies within [2] with &lt;LSTag Type="Status" Tooltip="DK_BloodFever"&gt;Blood Plague&lt;/LSTag&gt;.</content>
  <content contentuid="he676fb57ge873g415bg87d0g360cb77cd15b" version="1">Death Strke</content>
  <content contentuid="h56115fc9g6af4g43f9g9262g2cefe7cb294e" version="1">Focuses dark power into a strike that deals additional [1] and heals you for 25% of damage taken last turn, minimum 10% of maximum health.
  
Death Strike hits have a 60% chance to generate 1 Blood Rune.</content>
  <content contentuid="h0e50681eg23beg4f5cgb1afg039a85139821" version="1">This status indicates the amount of Death Strike healing as a result of damage taken from enemy attacks last turn. Resets on turn end.</content>
  <content contentuid="h72fb89dbgb540g407fgb70ag3df90d12e934" version="1">Gorefiend's Grasp</content>
  <content contentuid="hcd712244g7ea8g4b8cg8709ga116f6969916" version="1">Shadowy tendrils coil around all enemies within [1], pulling them to your location and deal [2]. Enemies pulled will be &lt;LSTag Type="Status" Tooltip="STUNNED"&gt;Stunned&lt;/LSTag&gt; for 1 turn.</content>
  

  <content contentuid="hd8a0685cg7929g40b0ga1d5g5b90babf00ef" version="1">Does not spend Blood Runes.</content>
  <content contentuid="h1de2fac8g7417g492agb035gc31a10e6f9b9" version="1">Does not spend Frost Runes.</content>
  <content contentuid="h73fcc3e4g28f2g4229g922dg20944b57a2e0" version="1">Does not spend Unholy Runes.</content>
  <content contentuid="h379e1010g094dg48e9ga544g5cedf141833c" version="1">Does not spend Runic Power.</content>
  <content contentuid="hb6e79070g3d03g4b31gab44g5c15977e14cc" version="1">Mainhand Weapon Damage increases to 100% when you are not dual wielding.</content>


  <content contentuid="hfff7d624gf568g426eg811age8035f36b60c" version="1">Maw of the Damned</content>
  <content contentuid="h5ab55e6dg0d63g4312gbb3bg10e7c6fc29cc" version="1">"The Maw's thirst is unquenchable. If it is not fed fresh victims, it will not hesitate to drink from its wielder instead."</content>
  <content contentuid="h5888649ag90e0g4ae1ga92bg5662323b181e" version="1">Insatiable Blade</content>
  <content contentuid="hcf73ee2dg09a2g400bg9cbcge90a1b0164dd" version="1">
Attacks from this weapon ignores Force Damage &lt;LSTag Tooltip="Resistant"&gt;Resistance&lt;/LSTag&gt; and gain &lt;LSTag Tooltip="Advantage"&gt;Advantage&lt;/LSTag&gt; towards targets infected with &lt;LSTag Type="Status" Tooltip="DK_BloodFever"&gt;Blood Plague&lt;/LSTag&gt;. 
Your weapon attacks gain additional [1] chance to proc &lt;LSTag Type="Passive" Tooltip="Blood_CrimsonScourge"&gt;Crimson Scourge&lt;/LSTag&gt;.</content>
  <content contentuid="h90d21fe4gae68g4cddg9172g8b89fd4112e3" version="1">Red Thirst</content>
  <content contentuid="h16250cadg99a0g4e9dg9a00g318c343eb413" version="1">
Your maximum &lt;LSTag Type="Status" Tooltip="Buff_BloodShield"&gt;Blood Shield&lt;/LSTag&gt; from &lt;LSTag Type="Passive" Tooltip="Mastery_BloodShield"&gt;Mastery: Blood Shield&lt;/LSTag&gt; increases to [1] MaxHP, and deals [2] increased damage while within &lt;LSTag Type="Spell" Tooltip="Target_DeathDecay"&gt;Death and Decay&lt;/LSTag&gt;. 
In addition, &lt;LSTag Type="Spell" Tooltip="Target_DeathStrike"&gt;Death Strike&lt;/LSTag&gt; hits have a [3] chance to extend the duration of &lt;LSTag Type="Status" Tooltip="DK_Buff_VampiricBlood"&gt;Vampiric Blood&lt;/LSTag&gt; by 1.</content>
  <content contentuid="h51ff995bg7b49g483cgbc05gbe17379ad3d4" version="1">Vampiric Blood</content>
  <content contentuid="he41c79b2g6c11g4e91ga02bgc3b8d5d0c11d" version="1">Embrace your undeath, increase your maximum health by [1] and gain 100% increased healing from &lt;LSTag Type="Spell" Tooltip="Target_DeathStrike"&gt;Death Strike&lt;/LSTag&gt;.</content>


  <content contentuid="hc5af756egd69dg4d25gbfa2g5de670acedaf" version="1">Frostreaper</content>
  <content contentuid="hd508f3b9g933bg4a34ga752g5887946ba000" version="1">"When my days have come to an end, you shall be king."</content>
  <content contentuid="ha7cc58b9gc52eg4de8gb045ge79e89dc2785" version="1">Icebringer</content>
  <content contentuid="h3959aff7g224bg4d08g93a2g042818d22841" version="1">"I will show you the justice of the grave... and the true meaning of fear."</content>
  <content contentuid="hc5f38fe0g69edg4f6fgaa71g7ffe33b55d4e" version="1">Inexorable Assult</content>
  <content contentuid="h872ae463g068fg442fg835agded61f267714" version="1">
While wielding both Frostreaper and Icebringer, your weapon attacks ignores Cold Damage &lt;LSTag Tooltip="Resistant"&gt;Resistance&lt;/LSTag&gt; and gain &lt;LSTag Tooltip="Advantage"&gt;Advantage&lt;/LSTag&gt; towards targets infected with &lt;LSTag Type="Status" Tooltip="DK_FrostFever"&gt;Frost Fever&lt;/LSTag&gt;. 
Your weapon attacks gain additional [1] chance to proc &lt;LSTag Type="Passive" Tooltip="Frost_KillingMachine"&gt;Killing Machine&lt;/LSTag&gt;, and your dual wielding attacks no longer consumes &lt;LSTag Type="ActionResource" Tooltip="BonusActionPoint"&gt;Bonus Action&lt;/LSTag&gt;. 
(You still need at least 1 &lt;LSTag Type="ActionResource" Tooltip="BonusActionPoint"&gt;Bonus Action&lt;/LSTag&gt; to trigger dual wielding attacks.)</content>
  <content contentuid="h2272525eg95ffg4051g9db8g73749c172998" version="1">Cold-blooded Rage</content>
  <content contentuid="h53d3c462g4470g4890g9d2fg07b5e62a07b6" version="1">
While wielding both Frostreaper and Icebringer, you gain additional [1] &lt;LSTag Tooltip="CriticalHit"&gt;Critical Hit&lt;/LSTag&gt; chance from &lt;LSTag Type="Passive" Tooltip="Mastery_FrozenHeart"&gt;Mastery: Frozen Heart&lt;/LSTag&gt;.
Your &lt;LSTag Type="Spell" Tooltip="Target_FrostStrike"&gt;Frost Strike&lt;/LSTag&gt; critical hit has a [2] chance to extend the duration of &lt;LSTag Type="Status" Tooltip="DK_Buff_FrostPillar"&gt;Pillar of Frost&lt;/LSTag&gt; by 1.</content>
  <content contentuid="h0e9e0701g4b76g476bgbc66gb8362a9799c5" version="1">Pillar of Frost</content>
  <content contentuid="h1fabdb1fg350ag49d4g8224g952f296a3237" version="1">The power of frost empowers you. Your Cold damage is increased by your Strength &lt;LSTag Tooltip="AbilityModifier"&gt;Modifier&lt;/LSTag&gt;. Each Frost Rune spent while Pillar of Frost is active further increases your Strength by an additional 1, up to 10 stacks.</content>
  <content contentuid="h00eaf515gc143g4e77ga42dg8efc4a439b5f" version="1">Your Cold damage is increased by your Strength &lt;LSTag Tooltip="AbilityModifier"&gt;Modifier&lt;/LSTag&gt;. Each Rune spent while Pillar of Frost is active further increases your Strength by an additional 1, up to 10 stacks.</content>
  <content contentuid="h4a468cf6g083fg423egbe79gf3f2765ca820" version="1">Your Strength is increased by [1] per stack of this effect, up to 10 stacks.</content>


  <content contentuid="h962cca26g57ccg4ab9g81ffg874b3f587a1a" version="1">Apocolypse</content>
  <content contentuid="h0f7146a6gac15g4bfdg9ac7ga63aecb24de0" version="1">"It shall sow destruction and war. Famine and death. It shall tempt with power, and then bring an end to all life."</content>
  <content contentuid="h5f749240g6ba0g4336g989dg83d31452004d" version="1">Eternal Agony</content>
  <content contentuid="hfd3d38e3g0fafg479bg9efeg812bdfefb39e" version="1">
Attacks from this weapon ignores Necrotic Damage &lt;LSTag Tooltip="Resistant"&gt;Resistance&lt;/LSTag&gt; and gain &lt;LSTag Tooltip="Advantage"&gt;Advantage&lt;/LSTag&gt; towards targets infected with &lt;LSTag Type="Status" Tooltip="DK_UnholyFever"&gt;Virulent Plague&lt;/LSTag&gt;. 
Your weapon attacks gain additional [1] chance to proc &lt;LSTag Type="Passive" Tooltip="Unholy_SuddenDoom"&gt;Sudden Doom&lt;/LSTag&gt;.</content>
  <content contentuid="h4b37cf83g07d5g4fc9g8296g4d1c4aef2e7c" version="1">Unholy Aura</content>
  <content contentuid="h8f9bd144gdb20g4909gbb71ga8fbcd9421f8" version="1">
You and your minions gain additional [1] &lt;LSTag Type="Status" Tooltip="DK_FesteringWound"&gt;Festering Wound&lt;/LSTag&gt; proc chance from &lt;LSTag Type="Passive" Tooltip="Mastery_DreadBlade"&gt;Mastery: Dreadblade&lt;/LSTag&gt;. 
In addition, casting &lt;LSTag Type="Spell" Tooltip="Projectile_DeathCoil"&gt;Death Coil&lt;/LSTag&gt; has a [2] chance to extend the duration of &lt;LSTag Type="Status" Tooltip="DK_Buff_DarkTransformation"&gt;Dark Transformation&lt;/LSTag&gt; by 1.</content>
  <content contentuid="h0732e87cg6f83g4393g9075g3969232ec5d5" version="1">Dark Transformation</content>
  <content contentuid="ha3576df5g32eeg4139g90deg1f4a740ce6ff" version="1">Your Ghoul deals [1] to nearby enemies within [2] and transforms into a powerful undead monstrosity. Ghoul's abilities deal [3] more damage and take on new functions while the transformation is active.</content>
  <content contentuid="h62837b28gace5g4733g8537g339908ae69fd" version="1">Your Ghoul is transformed into an undead monstrosity. Ghoul's abilities deal [1] more damage and take on new functions while the transformation is active.</content> `

  <content contentuid="h80cf6a3cg56ffg4f2dg9f83g667afef46ac6" version="1">Sweeping Claws</content>
  <content contentuid="hee2f0040g1de2g43f3g84f9g8e991ef5439f" version="1">Rakes an enemy with deformed claws, dealing [1] to the target and nearby enemies and has a [2] chance to knock &lt;LSTag Type="Status" Tooltip="PRONE"&gt;Prone&lt;/LSTag&gt; targets.</content>
  <content contentuid="h9566b485g4fd0g4f95g8fc0g4549c84eb2ac" version="1">Vile Contagion</content>
  <content contentuid="hae5edf0dg0eb3g4d80ga15dge4b9e90f90c0" version="1">Inflict disease upon your enemies. Spreading &lt;LSTag Type="Status" Tooltip="DK_FesteringWound"&gt;Festering Wound&lt;/LSTag&gt; equal to the amount currently active on your target to all nearby enemies within 5m.</content>


  <content contentuid="h9e4f1aaegae72g49d0gbc35g812c48848cfb" version="1">Mark of Naxxramas</content>
  <content contentuid="h9d088f3bgccadg4438g931dga125e3b76807" version="1">The Four Horsemen are extremely powerful elite death knights originally created by the lich Kel'Thuzad to serve as his royal guard. The most feared and powerful soldiers of all the Scourge, the Archlich considered them his greatest creation. They are damned souls, shackled in anguish for eternity.</content>
  <content contentuid="h9ca374eeg57cfg41a3gb9eag8e82a40558e6" version="1">Use this mark to challenge the avatars of the Four Horsemen, and you will be greatly rewarded. </content>
  <content contentuid="hc9303dc4g6f63g4921gb30fgc0f0253c5624" version="1">Thane Korth'azz</content>
  <content contentuid="h728bd60cg8330g4169gae52gfe5f224b07fa" version="1">Lady Blaumeux</content>
  <content contentuid="hdc144f64ge8a4g444cg92bag5a118364c9d3" version="1">Sir Zeliek</content>
  <content contentuid="hc3926e05g78e8g4e22ga038g7e6ce9ceaa28" version="1">Lord Mograine</content>



</contentList>